[
  {
    "id": 1,
    "name": "动画",
    "desc": "Anime - 动画",
    "key": "a",
    "created_at": "2020-05-15T10:48:09Z",
    "updated_at": "2020-05-15T10:48:12Z",
    "path": "./sentences/a.json"
  },
  {
    "id": 2,
    "name": "漫画",
    "desc": "Comic - 漫画",
    "key": "b",
    "created_at": "2020-05-15T10:52:16Z",
    "updated_at": "2020-05-15T10:52:50.929Z",
    "path": "./sentences/b.json"
  },
  {
    "id": 3,
    "name": "游戏",
    "desc": "Game - 游戏",
    "key": "c",
    "created_at": "2020-05-15T10:53:35Z",
    "updated_at": "2020-05-15T10:53:38Z",
    "path": "./sentences/c.json"
  },
  {
    "id": 4,
    "name": "文学",
    "desc": "Literature - 文学。主要收录现代文学：小说、散文、戏剧。",
    "key": "d",
    "created_at": "2020-05-15T10:54:46.263Z",
    "updated_at": "2020-05-15T10:54:46.263Z",
    "path": "./sentences/d.json"
  },
  {
    "id": 5,
    "name": "原创",
    "desc": "Original - 原创",
    "key": "e",
    "created_at": "2020-05-15T10:59:39Z",
    "updated_at": "2020-05-15T10:59:42Z",
    "path": "./sentences/e.json"
  },
  {
    "id": 6,
    "name": "网络",
    "desc": "Internet - 来自网络",
    "key": "f",
    "created_at": "2020-05-15T11:02:46.356Z",
    "updated_at": "2020-05-15T11:02:46.356Z",
    "path": "./sentences/f.json"
  },
  {
    "id": 7,
    "name": "其他",
    "desc": "Other - 其他",
    "key": "g",
    "created_at": "2020-05-15T11:01:51Z",
    "updated_at": "2020-05-15T11:01:54Z",
    "path": "./sentences/g.json"
  },
  {
    "id": 8,
    "name": "影视",
    "desc": "Video - 影视",
    "key": "h",
    "created_at": "2020-05-15T11:02:33Z",
    "updated_at": "2020-05-15T11:02:36Z",
    "path": "./sentences/h.json"
  },
  {
    "id": 9,
    "name": "诗词",
    "desc": "Poem - 诗词。主要收录中国古代文学，如：诗、歌、词、赋、曲等。",
    "key": "i",
    "created_at": "2020-05-15T11:05:38.877Z",
    "updated_at": "2020-05-15T11:06:15.035Z",
    "path": "./sentences/i.json"
  },
  {
    "id": 10,
    "name": "网易云",
    "desc": "NCM - 网易云。主要收录网易云音乐热评。",
    "key": "j",
    "created_at": "2020-05-15T11:05:34.269Z",
    "updated_at": "2020-05-15T11:06:18.123Z",
    "path": "./sentences/j.json"
  },
  {
    "id": 11,
    "name": "哲学",
    "desc": "Philosophy - 哲学",
    "key": "k",
    "created_at": "2020-05-15T11:05:08.67Z",
    "updated_at": "2020-05-15T11:06:19.836Z",
    "path": "./sentences/k.json"
  },
  {
    "id": 12,
    "name": "抖机灵",
    "desc": "Funny - 抖机灵",
    "key": "l",
    "created_at": "2020-05-15T11:05:31.663Z",
    "updated_at": "2020-05-15T11:06:22.007Z",
    "path": "./sentences/l.json"
  }
]